"","SampleID","Time","Treatment","TV","RTV","logRTV","TV0","normalized_resid"
"9","mouse_2",6,"Control",715.91,5.76509904976647,1.75182233479918,124.18,3.47572369009932
"12","mouse_2",15,"Control",1260.75,10.1526010629731,2.31772993502009,124.18,2.09651307637681
"14","mouse_2",21,"Control",535.26,4.31035593493316,1.461020484217,124.18,-2.76868003635885
"55","mouse_9",21,"DrugA",468.12,2.97918920638961,1.09165118510452,157.13,-2.09420834290539
"56","mouse_10",3,"DrugA",1058.69,4.40698497273446,1.4831907759912,240.23,3.27122520258978
"57","mouse_10",6,"DrugA",1312.54,5.46368063938725,1.69812267242476,240.23,2.48712631166673
"58","mouse_10",9,"DrugA",2262.74,9.41905673729343,2.24273494952924,240.23,2.75719767923189
